week_start,id,id_type,keyword_used,trend_score,fetch_status,region
2026-06-15,N1189MF,novel,今世で勝ち組だった俺、娘にイケメン彼氏ができたと思ったら、王家に喧嘩を売られた,,skip,JP
2026-03-20,N3126MF,novel,【第三部開始】当て馬令嬢リベルタ〜転生喪女はゴーインニマイウェー〜,0.0,ok,JP
2026-03-21,N3126MF,novel,【第三部開始】当て馬令嬢リベルタ〜転生喪女はゴーインニマイウェー〜,0.0,ok,JP
2026-03-22,N3126MF,novel,【第三部開始】当て馬令嬢リベルタ〜転生喪女はゴーインニマイウェー〜,0.0,ok,JP
2026-03-23,N3126MF,novel,【第三部開始】当て馬令嬢リベルタ〜転生喪女はゴーインニマイウェー〜,0.0,ok,JP
2026-03-24,N3126MF,novel,【第三部開始】当て馬令嬢リベルタ〜転生喪女はゴーインニマイウェー〜,0.0,ok,JP
2026-03-25,N3126MF,novel,【第三部開始】当て馬令嬢リベルタ〜転生喪女はゴーインニマイウェー〜,0.0,ok,JP
2026-03-26,N3126MF,novel,【第三部開始】当て馬令嬢リベルタ〜転生喪女はゴーインニマイウェー〜,0.0,ok,JP
2026-03-27,N3126MF,novel,【第三部開始】当て馬令嬢リベルタ〜転生喪女はゴーインニマイウェー〜,0.0,ok,JP
2026-03-28,N3126MF,novel,【第三部開始】当て馬令嬢リベルタ〜転生喪女はゴーインニマイウェー〜,0.0,ok,JP
2026-03-29,N3126MF,novel,【第三部開始】当て馬令嬢リベルタ〜転生喪女はゴーインニマイウェー〜,0.0,ok,JP
2026-03-30,N3126MF,novel,【第三部開始】当て馬令嬢リベルタ〜転生喪女はゴーインニマイウェー〜,0.0,ok,JP
2026-03-31,N3126MF,novel,【第三部開始】当て馬令嬢リベルタ〜転生喪女はゴーインニマイウェー〜,0.0,ok,JP
2026-04-01,N3126MF,novel,【第三部開始】当て馬令嬢リベルタ〜転生喪女はゴーインニマイウェー〜,0.0,ok,JP
2026-04-02,N3126MF,novel,【第三部開始】当て馬令嬢リベルタ〜転生喪女はゴーインニマイウェー〜,0.0,ok,JP
2026-04-03,N3126MF,novel,【第三部開始】当て馬令嬢リベルタ〜転生喪女はゴーインニマイウェー〜,0.0,ok,JP
2026-04-04,N3126MF,novel,【第三部開始】当て馬令嬢リベルタ〜転生喪女はゴーインニマイウェー〜,0.0,ok,JP
2026-04-05,N3126MF,novel,【第三部開始】当て馬令嬢リベルタ〜転生喪女はゴーインニマイウェー〜,0.0,ok,JP
2026-04-06,N3126MF,novel,【第三部開始】当て馬令嬢リベルタ〜転生喪女はゴーインニマイウェー〜,0.0,ok,JP
2026-04-07,N3126MF,novel,【第三部開始】当て馬令嬢リベルタ〜転生喪女はゴーインニマイウェー〜,0.0,ok,JP
2026-04-08,N3126MF,novel,【第三部開始】当て馬令嬢リベルタ〜転生喪女はゴーインニマイウェー〜,0.0,ok,JP
2026-04-09,N3126MF,novel,【第三部開始】当て馬令嬢リベルタ〜転生喪女はゴーインニマイウェー〜,0.0,ok,JP
2026-04-10,N3126MF,novel,【第三部開始】当て馬令嬢リベルタ〜転生喪女はゴーインニマイウェー〜,0.0,ok,JP
2026-04-11,N3126MF,novel,【第三部開始】当て馬令嬢リベルタ〜転生喪女はゴーインニマイウェー〜,0.0,ok,JP
2026-04-12,N3126MF,novel,【第三部開始】当て馬令嬢リベルタ〜転生喪女はゴーインニマイウェー〜,0.0,ok,JP
2026-04-13,N3126MF,novel,【第三部開始】当て馬令嬢リベルタ〜転生喪女はゴーインニマイウェー〜,0.0,ok,JP
2026-04-14,N3126MF,novel,【第三部開始】当て馬令嬢リベルタ〜転生喪女はゴーインニマイウェー〜,0.0,ok,JP
2026-04-15,N3126MF,novel,【第三部開始】当て馬令嬢リベルタ〜転生喪女はゴーインニマイウェー〜,0.0,ok,JP
2026-04-16,N3126MF,novel,【第三部開始】当て馬令嬢リベルタ〜転生喪女はゴーインニマイウェー〜,0.0,ok,JP
2026-04-17,N3126MF,novel,【第三部開始】当て馬令嬢リベルタ〜転生喪女はゴーインニマイウェー〜,0.0,ok,JP
2026-04-18,N3126MF,novel,【第三部開始】当て馬令嬢リベルタ〜転生喪女はゴーインニマイウェー〜,0.0,ok,JP
2026-04-19,N3126MF,novel,【第三部開始】当て馬令嬢リベルタ〜転生喪女はゴーインニマイウェー〜,0.0,ok,JP
2026-04-20,N3126MF,novel,【第三部開始】当て馬令嬢リベルタ〜転生喪女はゴーインニマイウェー〜,0.0,ok,JP
2026-04-21,N3126MF,novel,【第三部開始】当て馬令嬢リベルタ〜転生喪女はゴーインニマイウェー〜,0.0,ok,JP
2026-04-22,N3126MF,novel,【第三部開始】当て馬令嬢リベルタ〜転生喪女はゴーインニマイウェー〜,0.0,ok,JP
2026-04-23,N3126MF,novel,【第三部開始】当て馬令嬢リベルタ〜転生喪女はゴーインニマイウェー〜,0.0,ok,JP
2026-04-24,N3126MF,novel,【第三部開始】当て馬令嬢リベルタ〜転生喪女はゴーインニマイウェー〜,0.0,ok,JP
2026-04-25,N3126MF,novel,【第三部開始】当て馬令嬢リベルタ〜転生喪女はゴーインニマイウェー〜,0.0,ok,JP
2026-04-26,N3126MF,novel,【第三部開始】当て馬令嬢リベルタ〜転生喪女はゴーインニマイウェー〜,0.0,ok,JP
2026-04-27,N3126MF,novel,【第三部開始】当て馬令嬢リベルタ〜転生喪女はゴーインニマイウェー〜,0.0,ok,JP
2026-04-28,N3126MF,novel,【第三部開始】当て馬令嬢リベルタ〜転生喪女はゴーインニマイウェー〜,0.0,ok,JP
2026-04-29,N3126MF,novel,【第三部開始】当て馬令嬢リベルタ〜転生喪女はゴーインニマイウェー〜,0.0,ok,JP
2026-04-30,N3126MF,novel,【第三部開始】当て馬令嬢リベルタ〜転生喪女はゴーインニマイウェー〜,0.0,ok,JP
2026-05-01,N3126MF,novel,【第三部開始】当て馬令嬢リベルタ〜転生喪女はゴーインニマイウェー〜,0.0,ok,JP
2026-05-02,N3126MF,novel,【第三部開始】当て馬令嬢リベルタ〜転生喪女はゴーインニマイウェー〜,0.0,ok,JP
2026-05-03,N3126MF,novel,【第三部開始】当て馬令嬢リベルタ〜転生喪女はゴーインニマイウェー〜,0.0,ok,JP
2026-05-04,N3126MF,novel,【第三部開始】当て馬令嬢リベルタ〜転生喪女はゴーインニマイウェー〜,0.0,ok,JP
2026-05-05,N3126MF,novel,【第三部開始】当て馬令嬢リベルタ〜転生喪女はゴーインニマイウェー〜,0.0,ok,JP
2026-05-06,N3126MF,novel,【第三部開始】当て馬令嬢リベルタ〜転生喪女はゴーインニマイウェー〜,0.0,ok,JP
2026-05-07,N3126MF,novel,【第三部開始】当て馬令嬢リベルタ〜転生喪女はゴーインニマイウェー〜,0.0,ok,JP
2026-05-08,N3126MF,novel,【第三部開始】当て馬令嬢リベルタ〜転生喪女はゴーインニマイウェー〜,0.0,ok,JP
2026-05-09,N3126MF,novel,【第三部開始】当て馬令嬢リベルタ〜転生喪女はゴーインニマイウェー〜,0.0,ok,JP
2026-05-10,N3126MF,novel,【第三部開始】当て馬令嬢リベルタ〜転生喪女はゴーインニマイウェー〜,0.0,ok,JP
2026-05-11,N3126MF,novel,【第三部開始】当て馬令嬢リベルタ〜転生喪女はゴーインニマイウェー〜,0.0,ok,JP
2026-05-12,N3126MF,novel,【第三部開始】当て馬令嬢リベルタ〜転生喪女はゴーインニマイウェー〜,0.0,ok,JP
2026-05-13,N3126MF,novel,【第三部開始】当て馬令嬢リベルタ〜転生喪女はゴーインニマイウェー〜,0.0,ok,JP
2026-05-14,N3126MF,novel,【第三部開始】当て馬令嬢リベルタ〜転生喪女はゴーインニマイウェー〜,0.0,ok,JP
2026-05-15,N3126MF,novel,【第三部開始】当て馬令嬢リベルタ〜転生喪女はゴーインニマイウェー〜,0.0,ok,JP
2026-05-16,N3126MF,novel,【第三部開始】当て馬令嬢リベルタ〜転生喪女はゴーインニマイウェー〜,0.0,ok,JP
2026-05-17,N3126MF,novel,【第三部開始】当て馬令嬢リベルタ〜転生喪女はゴーインニマイウェー〜,0.0,ok,JP
2026-05-18,N3126MF,novel,【第三部開始】当て馬令嬢リベルタ〜転生喪女はゴーインニマイウェー〜,0.0,ok,JP
2026-05-19,N3126MF,novel,【第三部開始】当て馬令嬢リベルタ〜転生喪女はゴーインニマイウェー〜,0.0,ok,JP
2026-05-20,N3126MF,novel,【第三部開始】当て馬令嬢リベルタ〜転生喪女はゴーインニマイウェー〜,0.0,ok,JP
2026-05-21,N3126MF,novel,【第三部開始】当て馬令嬢リベルタ〜転生喪女はゴーインニマイウェー〜,0.0,ok,JP
2026-05-22,N3126MF,novel,【第三部開始】当て馬令嬢リベルタ〜転生喪女はゴーインニマイウェー〜,0.0,ok,JP
2026-05-23,N3126MF,novel,【第三部開始】当て馬令嬢リベルタ〜転生喪女はゴーインニマイウェー〜,0.0,ok,JP
2026-05-24,N3126MF,novel,【第三部開始】当て馬令嬢リベルタ〜転生喪女はゴーインニマイウェー〜,0.0,ok,JP
2026-05-25,N3126MF,novel,【第三部開始】当て馬令嬢リベルタ〜転生喪女はゴーインニマイウェー〜,0.0,ok,JP
2026-05-26,N3126MF,novel,【第三部開始】当て馬令嬢リベルタ〜転生喪女はゴーインニマイウェー〜,0.0,ok,JP
2026-05-27,N3126MF,novel,【第三部開始】当て馬令嬢リベルタ〜転生喪女はゴーインニマイウェー〜,0.0,ok,JP
2026-05-28,N3126MF,novel,【第三部開始】当て馬令嬢リベルタ〜転生喪女はゴーインニマイウェー〜,0.0,ok,JP
2026-05-29,N3126MF,novel,【第三部開始】当て馬令嬢リベルタ〜転生喪女はゴーインニマイウェー〜,0.0,ok,JP
2026-05-30,N3126MF,novel,【第三部開始】当て馬令嬢リベルタ〜転生喪女はゴーインニマイウェー〜,0.0,ok,JP
2026-05-31,N3126MF,novel,【第三部開始】当て馬令嬢リベルタ〜転生喪女はゴーインニマイウェー〜,0.0,ok,JP
2026-06-01,N3126MF,novel,【第三部開始】当て馬令嬢リベルタ〜転生喪女はゴーインニマイウェー〜,0.0,ok,JP
2026-06-02,N3126MF,novel,【第三部開始】当て馬令嬢リベルタ〜転生喪女はゴーインニマイウェー〜,0.0,ok,JP
2026-06-03,N3126MF,novel,【第三部開始】当て馬令嬢リベルタ〜転生喪女はゴーインニマイウェー〜,0.0,ok,JP
2026-06-04,N3126MF,novel,【第三部開始】当て馬令嬢リベルタ〜転生喪女はゴーインニマイウェー〜,0.0,ok,JP
2026-06-05,N3126MF,novel,【第三部開始】当て馬令嬢リベルタ〜転生喪女はゴーインニマイウェー〜,0.0,ok,JP
2026-06-06,N3126MF,novel,【第三部開始】当て馬令嬢リベルタ〜転生喪女はゴーインニマイウェー〜,0.0,ok,JP
2026-06-07,N3126MF,novel,【第三部開始】当て馬令嬢リベルタ〜転生喪女はゴーインニマイウェー〜,0.0,ok,JP
2026-06-08,N3126MF,novel,【第三部開始】当て馬令嬢リベルタ〜転生喪女はゴーインニマイウェー〜,0.0,ok,JP
2026-06-09,N3126MF,novel,【第三部開始】当て馬令嬢リベルタ〜転生喪女はゴーインニマイウェー〜,0.0,ok,JP
2026-06-10,N3126MF,novel,【第三部開始】当て馬令嬢リベルタ〜転生喪女はゴーインニマイウェー〜,0.0,ok,JP
2026-06-11,N3126MF,novel,【第三部開始】当て馬令嬢リベルタ〜転生喪女はゴーインニマイウェー〜,0.0,ok,JP
2026-06-12,N3126MF,novel,【第三部開始】当て馬令嬢リベルタ〜転生喪女はゴーインニマイウェー〜,0.0,ok,JP
2026-06-13,N3126MF,novel,【第三部開始】当て馬令嬢リベルタ〜転生喪女はゴーインニマイウェー〜,0.0,ok,JP
2026-06-14,N3126MF,novel,【第三部開始】当て馬令嬢リベルタ〜転生喪女はゴーインニマイウェー〜,100.0,ok,JP
2026-06-15,N3126MF,novel,【第三部開始】当て馬令嬢リベルタ〜転生喪女はゴーインニマイウェー〜,0.0,ok,JP
2026-06-16,N3126MF,novel,【第三部開始】当て馬令嬢リベルタ〜転生喪女はゴーインニマイウェー〜,0.0,ok,JP
2026-06-17,N3126MF,novel,【第三部開始】当て馬令嬢リベルタ〜転生喪女はゴーインニマイウェー〜,0.0,ok,JP
2026-06-18,N3126MF,novel,【第三部開始】当て馬令嬢リベルタ〜転生喪女はゴーインニマイウェー〜,0.0,ok,JP
2026-06-19,N3126MF,novel,【第三部開始】当て馬令嬢リベルタ〜転生喪女はゴーインニマイウェー〜,0.0,ok,JP
2026-06-20,N3126MF,novel,【第三部開始】当て馬令嬢リベルタ〜転生喪女はゴーインニマイウェー〜,0.0,ok,JP
2026-03-20,N6050MG,novel,【コミカライズ決定】病弱な幼馴染みを優先する婚約者に「頑強なだけが取り柄」と言われたので、いっそのこと女騎士になろうとした結果,0.0,ok,JP
2026-03-21,N6050MG,novel,【コミカライズ決定】病弱な幼馴染みを優先する婚約者に「頑強なだけが取り柄」と言われたので、いっそのこと女騎士になろうとした結果,0.0,ok,JP
2026-03-22,N6050MG,novel,【コミカライズ決定】病弱な幼馴染みを優先する婚約者に「頑強なだけが取り柄」と言われたので、いっそのこと女騎士になろうとした結果,0.0,ok,JP
2026-03-23,N6050MG,novel,【コミカライズ決定】病弱な幼馴染みを優先する婚約者に「頑強なだけが取り柄」と言われたので、いっそのこと女騎士になろうとした結果,0.0,ok,JP
2026-03-24,N6050MG,novel,【コミカライズ決定】病弱な幼馴染みを優先する婚約者に「頑強なだけが取り柄」と言われたので、いっそのこと女騎士になろうとした結果,0.0,ok,JP
2026-03-25,N6050MG,novel,【コミカライズ決定】病弱な幼馴染みを優先する婚約者に「頑強なだけが取り柄」と言われたので、いっそのこと女騎士になろうとした結果,0.0,ok,JP
2026-03-26,N6050MG,novel,【コミカライズ決定】病弱な幼馴染みを優先する婚約者に「頑強なだけが取り柄」と言われたので、いっそのこと女騎士になろうとした結果,0.0,ok,JP
2026-03-27,N6050MG,novel,【コミカライズ決定】病弱な幼馴染みを優先する婚約者に「頑強なだけが取り柄」と言われたので、いっそのこと女騎士になろうとした結果,0.0,ok,JP
2026-03-28,N6050MG,novel,【コミカライズ決定】病弱な幼馴染みを優先する婚約者に「頑強なだけが取り柄」と言われたので、いっそのこと女騎士になろうとした結果,0.0,ok,JP
2026-03-29,N6050MG,novel,【コミカライズ決定】病弱な幼馴染みを優先する婚約者に「頑強なだけが取り柄」と言われたので、いっそのこと女騎士になろうとした結果,0.0,ok,JP
2026-03-30,N6050MG,novel,【コミカライズ決定】病弱な幼馴染みを優先する婚約者に「頑強なだけが取り柄」と言われたので、いっそのこと女騎士になろうとした結果,0.0,ok,JP
2026-03-31,N6050MG,novel,【コミカライズ決定】病弱な幼馴染みを優先する婚約者に「頑強なだけが取り柄」と言われたので、いっそのこと女騎士になろうとした結果,0.0,ok,JP
2026-04-01,N6050MG,novel,【コミカライズ決定】病弱な幼馴染みを優先する婚約者に「頑強なだけが取り柄」と言われたので、いっそのこと女騎士になろうとした結果,0.0,ok,JP
2026-04-02,N6050MG,novel,【コミカライズ決定】病弱な幼馴染みを優先する婚約者に「頑強なだけが取り柄」と言われたので、いっそのこと女騎士になろうとした結果,0.0,ok,JP
2026-04-03,N6050MG,novel,【コミカライズ決定】病弱な幼馴染みを優先する婚約者に「頑強なだけが取り柄」と言われたので、いっそのこと女騎士になろうとした結果,0.0,ok,JP
2026-04-04,N6050MG,novel,【コミカライズ決定】病弱な幼馴染みを優先する婚約者に「頑強なだけが取り柄」と言われたので、いっそのこと女騎士になろうとした結果,0.0,ok,JP
2026-04-05,N6050MG,novel,【コミカライズ決定】病弱な幼馴染みを優先する婚約者に「頑強なだけが取り柄」と言われたので、いっそのこと女騎士になろうとした結果,0.0,ok,JP
2026-04-06,N6050MG,novel,【コミカライズ決定】病弱な幼馴染みを優先する婚約者に「頑強なだけが取り柄」と言われたので、いっそのこと女騎士になろうとした結果,0.0,ok,JP
2026-04-07,N6050MG,novel,【コミカライズ決定】病弱な幼馴染みを優先する婚約者に「頑強なだけが取り柄」と言われたので、いっそのこと女騎士になろうとした結果,0.0,ok,JP
2026-04-08,N6050MG,novel,【コミカライズ決定】病弱な幼馴染みを優先する婚約者に「頑強なだけが取り柄」と言われたので、いっそのこと女騎士になろうとした結果,0.0,ok,JP
2026-04-09,N6050MG,novel,【コミカライズ決定】病弱な幼馴染みを優先する婚約者に「頑強なだけが取り柄」と言われたので、いっそのこと女騎士になろうとした結果,0.0,ok,JP
2026-04-10,N6050MG,novel,【コミカライズ決定】病弱な幼馴染みを優先する婚約者に「頑強なだけが取り柄」と言われたので、いっそのこと女騎士になろうとした結果,0.0,ok,JP
2026-04-11,N6050MG,novel,【コミカライズ決定】病弱な幼馴染みを優先する婚約者に「頑強なだけが取り柄」と言われたので、いっそのこと女騎士になろうとした結果,0.0,ok,JP
2026-04-12,N6050MG,novel,【コミカライズ決定】病弱な幼馴染みを優先する婚約者に「頑強なだけが取り柄」と言われたので、いっそのこと女騎士になろうとした結果,0.0,ok,JP
2026-04-13,N6050MG,novel,【コミカライズ決定】病弱な幼馴染みを優先する婚約者に「頑強なだけが取り柄」と言われたので、いっそのこと女騎士になろうとした結果,0.0,ok,JP
2026-04-14,N6050MG,novel,【コミカライズ決定】病弱な幼馴染みを優先する婚約者に「頑強なだけが取り柄」と言われたので、いっそのこと女騎士になろうとした結果,0.0,ok,JP
2026-04-15,N6050MG,novel,【コミカライズ決定】病弱な幼馴染みを優先する婚約者に「頑強なだけが取り柄」と言われたので、いっそのこと女騎士になろうとした結果,0.0,ok,JP
2026-04-16,N6050MG,novel,【コミカライズ決定】病弱な幼馴染みを優先する婚約者に「頑強なだけが取り柄」と言われたので、いっそのこと女騎士になろうとした結果,0.0,ok,JP
2026-04-17,N6050MG,novel,【コミカライズ決定】病弱な幼馴染みを優先する婚約者に「頑強なだけが取り柄」と言われたので、いっそのこと女騎士になろうとした結果,0.0,ok,JP
2026-04-18,N6050MG,novel,【コミカライズ決定】病弱な幼馴染みを優先する婚約者に「頑強なだけが取り柄」と言われたので、いっそのこと女騎士になろうとした結果,0.0,ok,JP
2026-04-19,N6050MG,novel,【コミカライズ決定】病弱な幼馴染みを優先する婚約者に「頑強なだけが取り柄」と言われたので、いっそのこと女騎士になろうとした結果,0.0,ok,JP
2026-04-20,N6050MG,novel,【コミカライズ決定】病弱な幼馴染みを優先する婚約者に「頑強なだけが取り柄」と言われたので、いっそのこと女騎士になろうとした結果,0.0,ok,JP
2026-04-21,N6050MG,novel,【コミカライズ決定】病弱な幼馴染みを優先する婚約者に「頑強なだけが取り柄」と言われたので、いっそのこと女騎士になろうとした結果,0.0,ok,JP
2026-04-22,N6050MG,novel,【コミカライズ決定】病弱な幼馴染みを優先する婚約者に「頑強なだけが取り柄」と言われたので、いっそのこと女騎士になろうとした結果,0.0,ok,JP
2026-04-23,N6050MG,novel,【コミカライズ決定】病弱な幼馴染みを優先する婚約者に「頑強なだけが取り柄」と言われたので、いっそのこと女騎士になろうとした結果,0.0,ok,JP
2026-04-24,N6050MG,novel,【コミカライズ決定】病弱な幼馴染みを優先する婚約者に「頑強なだけが取り柄」と言われたので、いっそのこと女騎士になろうとした結果,0.0,ok,JP
2026-04-25,N6050MG,novel,【コミカライズ決定】病弱な幼馴染みを優先する婚約者に「頑強なだけが取り柄」と言われたので、いっそのこと女騎士になろうとした結果,0.0,ok,JP
2026-04-26,N6050MG,novel,【コミカライズ決定】病弱な幼馴染みを優先する婚約者に「頑強なだけが取り柄」と言われたので、いっそのこと女騎士になろうとした結果,0.0,ok,JP
2026-04-27,N6050MG,novel,【コミカライズ決定】病弱な幼馴染みを優先する婚約者に「頑強なだけが取り柄」と言われたので、いっそのこと女騎士になろうとした結果,0.0,ok,JP
2026-04-28,N6050MG,novel,【コミカライズ決定】病弱な幼馴染みを優先する婚約者に「頑強なだけが取り柄」と言われたので、いっそのこと女騎士になろうとした結果,0.0,ok,JP
2026-04-29,N6050MG,novel,【コミカライズ決定】病弱な幼馴染みを優先する婚約者に「頑強なだけが取り柄」と言われたので、いっそのこと女騎士になろうとした結果,0.0,ok,JP
2026-04-30,N6050MG,novel,【コミカライズ決定】病弱な幼馴染みを優先する婚約者に「頑強なだけが取り柄」と言われたので、いっそのこと女騎士になろうとした結果,0.0,ok,JP
2026-05-01,N6050MG,novel,【コミカライズ決定】病弱な幼馴染みを優先する婚約者に「頑強なだけが取り柄」と言われたので、いっそのこと女騎士になろうとした結果,0.0,ok,JP
2026-05-02,N6050MG,novel,【コミカライズ決定】病弱な幼馴染みを優先する婚約者に「頑強なだけが取り柄」と言われたので、いっそのこと女騎士になろうとした結果,0.0,ok,JP
2026-05-03,N6050MG,novel,【コミカライズ決定】病弱な幼馴染みを優先する婚約者に「頑強なだけが取り柄」と言われたので、いっそのこと女騎士になろうとした結果,0.0,ok,JP
2026-05-04,N6050MG,novel,【コミカライズ決定】病弱な幼馴染みを優先する婚約者に「頑強なだけが取り柄」と言われたので、いっそのこと女騎士になろうとした結果,0.0,ok,JP
2026-05-05,N6050MG,novel,【コミカライズ決定】病弱な幼馴染みを優先する婚約者に「頑強なだけが取り柄」と言われたので、いっそのこと女騎士になろうとした結果,0.0,ok,JP
2026-05-06,N6050MG,novel,【コミカライズ決定】病弱な幼馴染みを優先する婚約者に「頑強なだけが取り柄」と言われたので、いっそのこと女騎士になろうとした結果,0.0,ok,JP
2026-05-07,N6050MG,novel,【コミカライズ決定】病弱な幼馴染みを優先する婚約者に「頑強なだけが取り柄」と言われたので、いっそのこと女騎士になろうとした結果,0.0,ok,JP
2026-05-08,N6050MG,novel,【コミカライズ決定】病弱な幼馴染みを優先する婚約者に「頑強なだけが取り柄」と言われたので、いっそのこと女騎士になろうとした結果,0.0,ok,JP
2026-05-09,N6050MG,novel,【コミカライズ決定】病弱な幼馴染みを優先する婚約者に「頑強なだけが取り柄」と言われたので、いっそのこと女騎士になろうとした結果,0.0,ok,JP
2026-05-10,N6050MG,novel,【コミカライズ決定】病弱な幼馴染みを優先する婚約者に「頑強なだけが取り柄」と言われたので、いっそのこと女騎士になろうとした結果,0.0,ok,JP
2026-05-11,N6050MG,novel,【コミカライズ決定】病弱な幼馴染みを優先する婚約者に「頑強なだけが取り柄」と言われたので、いっそのこと女騎士になろうとした結果,0.0,ok,JP
2026-05-12,N6050MG,novel,【コミカライズ決定】病弱な幼馴染みを優先する婚約者に「頑強なだけが取り柄」と言われたので、いっそのこと女騎士になろうとした結果,0.0,ok,JP
2026-05-13,N6050MG,novel,【コミカライズ決定】病弱な幼馴染みを優先する婚約者に「頑強なだけが取り柄」と言われたので、いっそのこと女騎士になろうとした結果,0.0,ok,JP
2026-05-14,N6050MG,novel,【コミカライズ決定】病弱な幼馴染みを優先する婚約者に「頑強なだけが取り柄」と言われたので、いっそのこと女騎士になろうとした結果,0.0,ok,JP
2026-05-15,N6050MG,novel,【コミカライズ決定】病弱な幼馴染みを優先する婚約者に「頑強なだけが取り柄」と言われたので、いっそのこと女騎士になろうとした結果,0.0,ok,JP
2026-05-16,N6050MG,novel,【コミカライズ決定】病弱な幼馴染みを優先する婚約者に「頑強なだけが取り柄」と言われたので、いっそのこと女騎士になろうとした結果,0.0,ok,JP
2026-05-17,N6050MG,novel,【コミカライズ決定】病弱な幼馴染みを優先する婚約者に「頑強なだけが取り柄」と言われたので、いっそのこと女騎士になろうとした結果,0.0,ok,JP
2026-05-18,N6050MG,novel,【コミカライズ決定】病弱な幼馴染みを優先する婚約者に「頑強なだけが取り柄」と言われたので、いっそのこと女騎士になろうとした結果,0.0,ok,JP
2026-05-19,N6050MG,novel,【コミカライズ決定】病弱な幼馴染みを優先する婚約者に「頑強なだけが取り柄」と言われたので、いっそのこと女騎士になろうとした結果,0.0,ok,JP
2026-05-20,N6050MG,novel,【コミカライズ決定】病弱な幼馴染みを優先する婚約者に「頑強なだけが取り柄」と言われたので、いっそのこと女騎士になろうとした結果,0.0,ok,JP
2026-05-21,N6050MG,novel,【コミカライズ決定】病弱な幼馴染みを優先する婚約者に「頑強なだけが取り柄」と言われたので、いっそのこと女騎士になろうとした結果,0.0,ok,JP
2026-05-22,N6050MG,novel,【コミカライズ決定】病弱な幼馴染みを優先する婚約者に「頑強なだけが取り柄」と言われたので、いっそのこと女騎士になろうとした結果,0.0,ok,JP
2026-05-23,N6050MG,novel,【コミカライズ決定】病弱な幼馴染みを優先する婚約者に「頑強なだけが取り柄」と言われたので、いっそのこと女騎士になろうとした結果,0.0,ok,JP
2026-05-24,N6050MG,novel,【コミカライズ決定】病弱な幼馴染みを優先する婚約者に「頑強なだけが取り柄」と言われたので、いっそのこと女騎士になろうとした結果,0.0,ok,JP
2026-05-25,N6050MG,novel,【コミカライズ決定】病弱な幼馴染みを優先する婚約者に「頑強なだけが取り柄」と言われたので、いっそのこと女騎士になろうとした結果,100.0,ok,JP
2026-05-26,N6050MG,novel,【コミカライズ決定】病弱な幼馴染みを優先する婚約者に「頑強なだけが取り柄」と言われたので、いっそのこと女騎士になろうとした結果,0.0,ok,JP
2026-05-27,N6050MG,novel,【コミカライズ決定】病弱な幼馴染みを優先する婚約者に「頑強なだけが取り柄」と言われたので、いっそのこと女騎士になろうとした結果,0.0,ok,JP
2026-05-28,N6050MG,novel,【コミカライズ決定】病弱な幼馴染みを優先する婚約者に「頑強なだけが取り柄」と言われたので、いっそのこと女騎士になろうとした結果,0.0,ok,JP
2026-05-29,N6050MG,novel,【コミカライズ決定】病弱な幼馴染みを優先する婚約者に「頑強なだけが取り柄」と言われたので、いっそのこと女騎士になろうとした結果,0.0,ok,JP
2026-05-30,N6050MG,novel,【コミカライズ決定】病弱な幼馴染みを優先する婚約者に「頑強なだけが取り柄」と言われたので、いっそのこと女騎士になろうとした結果,0.0,ok,JP
2026-05-31,N6050MG,novel,【コミカライズ決定】病弱な幼馴染みを優先する婚約者に「頑強なだけが取り柄」と言われたので、いっそのこと女騎士になろうとした結果,0.0,ok,JP
2026-06-01,N6050MG,novel,【コミカライズ決定】病弱な幼馴染みを優先する婚約者に「頑強なだけが取り柄」と言われたので、いっそのこと女騎士になろうとした結果,0.0,ok,JP
2026-06-02,N6050MG,novel,【コミカライズ決定】病弱な幼馴染みを優先する婚約者に「頑強なだけが取り柄」と言われたので、いっそのこと女騎士になろうとした結果,0.0,ok,JP
2026-06-03,N6050MG,novel,【コミカライズ決定】病弱な幼馴染みを優先する婚約者に「頑強なだけが取り柄」と言われたので、いっそのこと女騎士になろうとした結果,0.0,ok,JP
2026-06-04,N6050MG,novel,【コミカライズ決定】病弱な幼馴染みを優先する婚約者に「頑強なだけが取り柄」と言われたので、いっそのこと女騎士になろうとした結果,0.0,ok,JP
2026-06-05,N6050MG,novel,【コミカライズ決定】病弱な幼馴染みを優先する婚約者に「頑強なだけが取り柄」と言われたので、いっそのこと女騎士になろうとした結果,0.0,ok,JP
2026-06-06,N6050MG,novel,【コミカライズ決定】病弱な幼馴染みを優先する婚約者に「頑強なだけが取り柄」と言われたので、いっそのこと女騎士になろうとした結果,0.0,ok,JP
2026-06-07,N6050MG,novel,【コミカライズ決定】病弱な幼馴染みを優先する婚約者に「頑強なだけが取り柄」と言われたので、いっそのこと女騎士になろうとした結果,0.0,ok,JP
2026-06-08,N6050MG,novel,【コミカライズ決定】病弱な幼馴染みを優先する婚約者に「頑強なだけが取り柄」と言われたので、いっそのこと女騎士になろうとした結果,0.0,ok,JP
2026-06-09,N6050MG,novel,【コミカライズ決定】病弱な幼馴染みを優先する婚約者に「頑強なだけが取り柄」と言われたので、いっそのこと女騎士になろうとした結果,0.0,ok,JP
2026-06-10,N6050MG,novel,【コミカライズ決定】病弱な幼馴染みを優先する婚約者に「頑強なだけが取り柄」と言われたので、いっそのこと女騎士になろうとした結果,0.0,ok,JP
2026-06-11,N6050MG,novel,【コミカライズ決定】病弱な幼馴染みを優先する婚約者に「頑強なだけが取り柄」と言われたので、いっそのこと女騎士になろうとした結果,0.0,ok,JP
2026-06-12,N6050MG,novel,【コミカライズ決定】病弱な幼馴染みを優先する婚約者に「頑強なだけが取り柄」と言われたので、いっそのこと女騎士になろうとした結果,0.0,ok,JP
2026-06-13,N6050MG,novel,【コミカライズ決定】病弱な幼馴染みを優先する婚約者に「頑強なだけが取り柄」と言われたので、いっそのこと女騎士になろうとした結果,0.0,ok,JP
2026-06-14,N6050MG,novel,【コミカライズ決定】病弱な幼馴染みを優先する婚約者に「頑強なだけが取り柄」と言われたので、いっそのこと女騎士になろうとした結果,0.0,ok,JP
2026-06-15,N6050MG,novel,【コミカライズ決定】病弱な幼馴染みを優先する婚約者に「頑強なだけが取り柄」と言われたので、いっそのこと女騎士になろうとした結果,0.0,ok,JP
2026-06-16,N6050MG,novel,【コミカライズ決定】病弱な幼馴染みを優先する婚約者に「頑強なだけが取り柄」と言われたので、いっそのこと女騎士になろうとした結果,0.0,ok,JP
2026-06-17,N6050MG,novel,【コミカライズ決定】病弱な幼馴染みを優先する婚約者に「頑強なだけが取り柄」と言われたので、いっそのこと女騎士になろうとした結果,0.0,ok,JP
2026-06-18,N6050MG,novel,【コミカライズ決定】病弱な幼馴染みを優先する婚約者に「頑強なだけが取り柄」と言われたので、いっそのこと女騎士になろうとした結果,0.0,ok,JP
2026-06-19,N6050MG,novel,【コミカライズ決定】病弱な幼馴染みを優先する婚約者に「頑強なだけが取り柄」と言われたので、いっそのこと女騎士になろうとした結果,0.0,ok,JP
2026-06-20,N6050MG,novel,【コミカライズ決定】病弱な幼馴染みを優先する婚約者に「頑強なだけが取り柄」と言われたので、いっそのこと女騎士になろうとした結果,0.0,ok,JP
2026-06-15,N1602MG,novel,夜会の受付嬢は見た。いや、見ていない。,,skip,JP
2026-06-15,N6882MG,novel,やってられない婚約破棄,,skip,JP
2026-03-20,N5398MG,novel,婚約解消された私とあなたのその後の話,0.0,ok,JP
2026-03-21,N5398MG,novel,婚約解消された私とあなたのその後の話,0.0,ok,JP
2026-03-22,N5398MG,novel,婚約解消された私とあなたのその後の話,0.0,ok,JP
2026-03-23,N5398MG,novel,婚約解消された私とあなたのその後の話,0.0,ok,JP
2026-03-24,N5398MG,novel,婚約解消された私とあなたのその後の話,0.0,ok,JP
2026-03-25,N5398MG,novel,婚約解消された私とあなたのその後の話,0.0,ok,JP
2026-03-26,N5398MG,novel,婚約解消された私とあなたのその後の話,0.0,ok,JP
2026-03-27,N5398MG,novel,婚約解消された私とあなたのその後の話,0.0,ok,JP
2026-03-28,N5398MG,novel,婚約解消された私とあなたのその後の話,0.0,ok,JP
2026-03-29,N5398MG,novel,婚約解消された私とあなたのその後の話,0.0,ok,JP
2026-03-30,N5398MG,novel,婚約解消された私とあなたのその後の話,0.0,ok,JP
2026-03-31,N5398MG,novel,婚約解消された私とあなたのその後の話,0.0,ok,JP
2026-04-01,N5398MG,novel,婚約解消された私とあなたのその後の話,0.0,ok,JP
2026-04-02,N5398MG,novel,婚約解消された私とあなたのその後の話,0.0,ok,JP
2026-04-03,N5398MG,novel,婚約解消された私とあなたのその後の話,0.0,ok,JP
2026-04-04,N5398MG,novel,婚約解消された私とあなたのその後の話,0.0,ok,JP
2026-04-05,N5398MG,novel,婚約解消された私とあなたのその後の話,0.0,ok,JP
2026-04-06,N5398MG,novel,婚約解消された私とあなたのその後の話,0.0,ok,JP
2026-04-07,N5398MG,novel,婚約解消された私とあなたのその後の話,0.0,ok,JP
2026-04-08,N5398MG,novel,婚約解消された私とあなたのその後の話,0.0,ok,JP
2026-04-09,N5398MG,novel,婚約解消された私とあなたのその後の話,0.0,ok,JP
2026-04-10,N5398MG,novel,婚約解消された私とあなたのその後の話,0.0,ok,JP
2026-04-11,N5398MG,novel,婚約解消された私とあなたのその後の話,0.0,ok,JP
2026-04-12,N5398MG,novel,婚約解消された私とあなたのその後の話,0.0,ok,JP
2026-04-13,N5398MG,novel,婚約解消された私とあなたのその後の話,0.0,ok,JP
2026-04-14,N5398MG,novel,婚約解消された私とあなたのその後の話,0.0,ok,JP
2026-04-15,N5398MG,novel,婚約解消された私とあなたのその後の話,0.0,ok,JP
2026-04-16,N5398MG,novel,婚約解消された私とあなたのその後の話,0.0,ok,JP
2026-04-17,N5398MG,novel,婚約解消された私とあなたのその後の話,0.0,ok,JP
2026-04-18,N5398MG,novel,婚約解消された私とあなたのその後の話,0.0,ok,JP
2026-04-19,N5398MG,novel,婚約解消された私とあなたのその後の話,0.0,ok,JP
2026-04-20,N5398MG,novel,婚約解消された私とあなたのその後の話,0.0,ok,JP
2026-04-21,N5398MG,novel,婚約解消された私とあなたのその後の話,0.0,ok,JP
2026-04-22,N5398MG,novel,婚約解消された私とあなたのその後の話,0.0,ok,JP
2026-04-23,N5398MG,novel,婚約解消された私とあなたのその後の話,0.0,ok,JP
2026-04-24,N5398MG,novel,婚約解消された私とあなたのその後の話,0.0,ok,JP
2026-04-25,N5398MG,novel,婚約解消された私とあなたのその後の話,0.0,ok,JP
2026-04-26,N5398MG,novel,婚約解消された私とあなたのその後の話,0.0,ok,JP
2026-04-27,N5398MG,novel,婚約解消された私とあなたのその後の話,0.0,ok,JP
2026-04-28,N5398MG,novel,婚約解消された私とあなたのその後の話,0.0,ok,JP
2026-04-29,N5398MG,novel,婚約解消された私とあなたのその後の話,0.0,ok,JP
2026-04-30,N5398MG,novel,婚約解消された私とあなたのその後の話,0.0,ok,JP
2026-05-01,N5398MG,novel,婚約解消された私とあなたのその後の話,0.0,ok,JP
2026-05-02,N5398MG,novel,婚約解消された私とあなたのその後の話,0.0,ok,JP
2026-05-03,N5398MG,novel,婚約解消された私とあなたのその後の話,0.0,ok,JP
2026-05-04,N5398MG,novel,婚約解消された私とあなたのその後の話,0.0,ok,JP
2026-05-05,N5398MG,novel,婚約解消された私とあなたのその後の話,0.0,ok,JP
2026-05-06,N5398MG,novel,婚約解消された私とあなたのその後の話,0.0,ok,JP
2026-05-07,N5398MG,novel,婚約解消された私とあなたのその後の話,0.0,ok,JP
2026-05-08,N5398MG,novel,婚約解消された私とあなたのその後の話,0.0,ok,JP
2026-05-09,N5398MG,novel,婚約解消された私とあなたのその後の話,0.0,ok,JP
2026-05-10,N5398MG,novel,婚約解消された私とあなたのその後の話,0.0,ok,JP
2026-05-11,N5398MG,novel,婚約解消された私とあなたのその後の話,0.0,ok,JP
2026-05-12,N5398MG,novel,婚約解消された私とあなたのその後の話,0.0,ok,JP
2026-05-13,N5398MG,novel,婚約解消された私とあなたのその後の話,0.0,ok,JP
2026-05-14,N5398MG,novel,婚約解消された私とあなたのその後の話,0.0,ok,JP
2026-05-15,N5398MG,novel,婚約解消された私とあなたのその後の話,0.0,ok,JP
2026-05-16,N5398MG,novel,婚約解消された私とあなたのその後の話,0.0,ok,JP
2026-05-17,N5398MG,novel,婚約解消された私とあなたのその後の話,0.0,ok,JP
2026-05-18,N5398MG,novel,婚約解消された私とあなたのその後の話,0.0,ok,JP
2026-05-19,N5398MG,novel,婚約解消された私とあなたのその後の話,0.0,ok,JP
2026-05-20,N5398MG,novel,婚約解消された私とあなたのその後の話,0.0,ok,JP
2026-05-21,N5398MG,novel,婚約解消された私とあなたのその後の話,100.0,ok,JP
2026-05-22,N5398MG,novel,婚約解消された私とあなたのその後の話,0.0,ok,JP
2026-05-23,N5398MG,novel,婚約解消された私とあなたのその後の話,0.0,ok,JP
2026-05-24,N5398MG,novel,婚約解消された私とあなたのその後の話,0.0,ok,JP
2026-05-25,N5398MG,novel,婚約解消された私とあなたのその後の話,0.0,ok,JP
2026-05-26,N5398MG,novel,婚約解消された私とあなたのその後の話,0.0,ok,JP
2026-05-27,N5398MG,novel,婚約解消された私とあなたのその後の話,0.0,ok,JP
2026-05-28,N5398MG,novel,婚約解消された私とあなたのその後の話,0.0,ok,JP
2026-05-29,N5398MG,novel,婚約解消された私とあなたのその後の話,0.0,ok,JP
2026-05-30,N5398MG,novel,婚約解消された私とあなたのその後の話,0.0,ok,JP
2026-05-31,N5398MG,novel,婚約解消された私とあなたのその後の話,0.0,ok,JP
2026-06-01,N5398MG,novel,婚約解消された私とあなたのその後の話,0.0,ok,JP
2026-06-02,N5398MG,novel,婚約解消された私とあなたのその後の話,0.0,ok,JP
2026-06-03,N5398MG,novel,婚約解消された私とあなたのその後の話,0.0,ok,JP
2026-06-04,N5398MG,novel,婚約解消された私とあなたのその後の話,0.0,ok,JP
2026-06-05,N5398MG,novel,婚約解消された私とあなたのその後の話,0.0,ok,JP
2026-06-06,N5398MG,novel,婚約解消された私とあなたのその後の話,0.0,ok,JP
2026-06-07,N5398MG,novel,婚約解消された私とあなたのその後の話,0.0,ok,JP
2026-06-08,N5398MG,novel,婚約解消された私とあなたのその後の話,0.0,ok,JP
2026-06-09,N5398MG,novel,婚約解消された私とあなたのその後の話,0.0,ok,JP
2026-06-10,N5398MG,novel,婚約解消された私とあなたのその後の話,0.0,ok,JP
2026-06-11,N5398MG,novel,婚約解消された私とあなたのその後の話,0.0,ok,JP
2026-06-12,N5398MG,novel,婚約解消された私とあなたのその後の話,0.0,ok,JP
2026-06-13,N5398MG,novel,婚約解消された私とあなたのその後の話,0.0,ok,JP
2026-06-14,N5398MG,novel,婚約解消された私とあなたのその後の話,0.0,ok,JP
2026-06-15,N5398MG,novel,婚約解消された私とあなたのその後の話,0.0,ok,JP
2026-06-16,N5398MG,novel,婚約解消された私とあなたのその後の話,0.0,ok,JP
2026-06-17,N5398MG,novel,婚約解消された私とあなたのその後の話,0.0,ok,JP
2026-06-18,N5398MG,novel,婚約解消された私とあなたのその後の話,0.0,ok,JP
2026-06-19,N5398MG,novel,婚約解消された私とあなたのその後の話,0.0,ok,JP
2026-06-20,N5398MG,novel,婚約解消された私とあなたのその後の話,0.0,ok,JP
2026-03-20,N0920MF,novel,【電子書籍化決定】「女に嫌われる女」について、もう少し考えた方がいい,0.0,ok,JP
2026-03-21,N0920MF,novel,【電子書籍化決定】「女に嫌われる女」について、もう少し考えた方がいい,0.0,ok,JP
2026-03-22,N0920MF,novel,【電子書籍化決定】「女に嫌われる女」について、もう少し考えた方がいい,0.0,ok,JP
2026-03-23,N0920MF,novel,【電子書籍化決定】「女に嫌われる女」について、もう少し考えた方がいい,0.0,ok,JP
2026-03-24,N0920MF,novel,【電子書籍化決定】「女に嫌われる女」について、もう少し考えた方がいい,0.0,ok,JP
2026-03-25,N0920MF,novel,【電子書籍化決定】「女に嫌われる女」について、もう少し考えた方がいい,0.0,ok,JP
2026-03-26,N0920MF,novel,【電子書籍化決定】「女に嫌われる女」について、もう少し考えた方がいい,0.0,ok,JP
2026-03-27,N0920MF,novel,【電子書籍化決定】「女に嫌われる女」について、もう少し考えた方がいい,0.0,ok,JP
2026-03-28,N0920MF,novel,【電子書籍化決定】「女に嫌われる女」について、もう少し考えた方がいい,0.0,ok,JP
2026-03-29,N0920MF,novel,【電子書籍化決定】「女に嫌われる女」について、もう少し考えた方がいい,0.0,ok,JP
2026-03-30,N0920MF,novel,【電子書籍化決定】「女に嫌われる女」について、もう少し考えた方がいい,0.0,ok,JP
2026-03-31,N0920MF,novel,【電子書籍化決定】「女に嫌われる女」について、もう少し考えた方がいい,0.0,ok,JP
2026-04-01,N0920MF,novel,【電子書籍化決定】「女に嫌われる女」について、もう少し考えた方がいい,0.0,ok,JP
2026-04-02,N0920MF,novel,【電子書籍化決定】「女に嫌われる女」について、もう少し考えた方がいい,0.0,ok,JP
2026-04-03,N0920MF,novel,【電子書籍化決定】「女に嫌われる女」について、もう少し考えた方がいい,0.0,ok,JP
2026-04-04,N0920MF,novel,【電子書籍化決定】「女に嫌われる女」について、もう少し考えた方がいい,0.0,ok,JP
2026-04-05,N0920MF,novel,【電子書籍化決定】「女に嫌われる女」について、もう少し考えた方がいい,0.0,ok,JP
2026-04-06,N0920MF,novel,【電子書籍化決定】「女に嫌われる女」について、もう少し考えた方がいい,0.0,ok,JP
2026-04-07,N0920MF,novel,【電子書籍化決定】「女に嫌われる女」について、もう少し考えた方がいい,0.0,ok,JP
2026-04-08,N0920MF,novel,【電子書籍化決定】「女に嫌われる女」について、もう少し考えた方がいい,0.0,ok,JP
2026-04-09,N0920MF,novel,【電子書籍化決定】「女に嫌われる女」について、もう少し考えた方がいい,0.0,ok,JP
2026-04-10,N0920MF,novel,【電子書籍化決定】「女に嫌われる女」について、もう少し考えた方がいい,0.0,ok,JP
2026-04-11,N0920MF,novel,【電子書籍化決定】「女に嫌われる女」について、もう少し考えた方がいい,0.0,ok,JP
2026-04-12,N0920MF,novel,【電子書籍化決定】「女に嫌われる女」について、もう少し考えた方がいい,100.0,ok,JP
2026-04-13,N0920MF,novel,【電子書籍化決定】「女に嫌われる女」について、もう少し考えた方がいい,0.0,ok,JP
2026-04-14,N0920MF,novel,【電子書籍化決定】「女に嫌われる女」について、もう少し考えた方がいい,0.0,ok,JP
2026-04-15,N0920MF,novel,【電子書籍化決定】「女に嫌われる女」について、もう少し考えた方がいい,0.0,ok,JP
2026-04-16,N0920MF,novel,【電子書籍化決定】「女に嫌われる女」について、もう少し考えた方がいい,0.0,ok,JP
2026-04-17,N0920MF,novel,【電子書籍化決定】「女に嫌われる女」について、もう少し考えた方がいい,0.0,ok,JP
2026-04-18,N0920MF,novel,【電子書籍化決定】「女に嫌われる女」について、もう少し考えた方がいい,0.0,ok,JP
2026-04-19,N0920MF,novel,【電子書籍化決定】「女に嫌われる女」について、もう少し考えた方がいい,0.0,ok,JP
2026-04-20,N0920MF,novel,【電子書籍化決定】「女に嫌われる女」について、もう少し考えた方がいい,0.0,ok,JP
2026-04-21,N0920MF,novel,【電子書籍化決定】「女に嫌われる女」について、もう少し考えた方がいい,0.0,ok,JP
2026-04-22,N0920MF,novel,【電子書籍化決定】「女に嫌われる女」について、もう少し考えた方がいい,0.0,ok,JP
2026-04-23,N0920MF,novel,【電子書籍化決定】「女に嫌われる女」について、もう少し考えた方がいい,0.0,ok,JP
2026-04-24,N0920MF,novel,【電子書籍化決定】「女に嫌われる女」について、もう少し考えた方がいい,0.0,ok,JP
2026-04-25,N0920MF,novel,【電子書籍化決定】「女に嫌われる女」について、もう少し考えた方がいい,0.0,ok,JP
2026-04-26,N0920MF,novel,【電子書籍化決定】「女に嫌われる女」について、もう少し考えた方がいい,0.0,ok,JP
2026-04-27,N0920MF,novel,【電子書籍化決定】「女に嫌われる女」について、もう少し考えた方がいい,0.0,ok,JP
2026-04-28,N0920MF,novel,【電子書籍化決定】「女に嫌われる女」について、もう少し考えた方がいい,0.0,ok,JP
2026-04-29,N0920MF,novel,【電子書籍化決定】「女に嫌われる女」について、もう少し考えた方がいい,0.0,ok,JP
2026-04-30,N0920MF,novel,【電子書籍化決定】「女に嫌われる女」について、もう少し考えた方がいい,0.0,ok,JP
2026-05-01,N0920MF,novel,【電子書籍化決定】「女に嫌われる女」について、もう少し考えた方がいい,0.0,ok,JP
2026-05-02,N0920MF,novel,【電子書籍化決定】「女に嫌われる女」について、もう少し考えた方がいい,0.0,ok,JP
2026-05-03,N0920MF,novel,【電子書籍化決定】「女に嫌われる女」について、もう少し考えた方がいい,0.0,ok,JP
2026-05-04,N0920MF,novel,【電子書籍化決定】「女に嫌われる女」について、もう少し考えた方がいい,0.0,ok,JP
2026-05-05,N0920MF,novel,【電子書籍化決定】「女に嫌われる女」について、もう少し考えた方がいい,0.0,ok,JP
2026-05-06,N0920MF,novel,【電子書籍化決定】「女に嫌われる女」について、もう少し考えた方がいい,0.0,ok,JP
2026-05-07,N0920MF,novel,【電子書籍化決定】「女に嫌われる女」について、もう少し考えた方がいい,0.0,ok,JP
2026-05-08,N0920MF,novel,【電子書籍化決定】「女に嫌われる女」について、もう少し考えた方がいい,0.0,ok,JP
2026-05-09,N0920MF,novel,【電子書籍化決定】「女に嫌われる女」について、もう少し考えた方がいい,0.0,ok,JP
2026-05-10,N0920MF,novel,【電子書籍化決定】「女に嫌われる女」について、もう少し考えた方がいい,0.0,ok,JP
2026-05-11,N0920MF,novel,【電子書籍化決定】「女に嫌われる女」について、もう少し考えた方がいい,0.0,ok,JP
2026-05-12,N0920MF,novel,【電子書籍化決定】「女に嫌われる女」について、もう少し考えた方がいい,0.0,ok,JP
2026-05-13,N0920MF,novel,【電子書籍化決定】「女に嫌われる女」について、もう少し考えた方がいい,0.0,ok,JP
2026-05-14,N0920MF,novel,【電子書籍化決定】「女に嫌われる女」について、もう少し考えた方がいい,0.0,ok,JP
2026-05-15,N0920MF,novel,【電子書籍化決定】「女に嫌われる女」について、もう少し考えた方がいい,0.0,ok,JP
2026-05-16,N0920MF,novel,【電子書籍化決定】「女に嫌われる女」について、もう少し考えた方がいい,0.0,ok,JP
2026-05-17,N0920MF,novel,【電子書籍化決定】「女に嫌われる女」について、もう少し考えた方がいい,0.0,ok,JP
2026-05-18,N0920MF,novel,【電子書籍化決定】「女に嫌われる女」について、もう少し考えた方がいい,0.0,ok,JP
2026-05-19,N0920MF,novel,【電子書籍化決定】「女に嫌われる女」について、もう少し考えた方がいい,0.0,ok,JP
2026-05-20,N0920MF,novel,【電子書籍化決定】「女に嫌われる女」について、もう少し考えた方がいい,0.0,ok,JP
2026-05-21,N0920MF,novel,【電子書籍化決定】「女に嫌われる女」について、もう少し考えた方がいい,0.0,ok,JP
2026-05-22,N0920MF,novel,【電子書籍化決定】「女に嫌われる女」について、もう少し考えた方がいい,0.0,ok,JP
2026-05-23,N0920MF,novel,【電子書籍化決定】「女に嫌われる女」について、もう少し考えた方がいい,0.0,ok,JP
2026-05-24,N0920MF,novel,【電子書籍化決定】「女に嫌われる女」について、もう少し考えた方がいい,0.0,ok,JP
2026-05-25,N0920MF,novel,【電子書籍化決定】「女に嫌われる女」について、もう少し考えた方がいい,0.0,ok,JP
2026-05-26,N0920MF,novel,【電子書籍化決定】「女に嫌われる女」について、もう少し考えた方がいい,0.0,ok,JP
2026-05-27,N0920MF,novel,【電子書籍化決定】「女に嫌われる女」について、もう少し考えた方がいい,0.0,ok,JP
2026-05-28,N0920MF,novel,【電子書籍化決定】「女に嫌われる女」について、もう少し考えた方がいい,0.0,ok,JP
2026-05-29,N0920MF,novel,【電子書籍化決定】「女に嫌われる女」について、もう少し考えた方がいい,0.0,ok,JP
2026-05-30,N0920MF,novel,【電子書籍化決定】「女に嫌われる女」について、もう少し考えた方がいい,0.0,ok,JP
2026-05-31,N0920MF,novel,【電子書籍化決定】「女に嫌われる女」について、もう少し考えた方がいい,0.0,ok,JP
2026-06-01,N0920MF,novel,【電子書籍化決定】「女に嫌われる女」について、もう少し考えた方がいい,0.0,ok,JP
2026-06-02,N0920MF,novel,【電子書籍化決定】「女に嫌われる女」について、もう少し考えた方がいい,0.0,ok,JP
2026-06-03,N0920MF,novel,【電子書籍化決定】「女に嫌われる女」について、もう少し考えた方がいい,0.0,ok,JP
2026-06-04,N0920MF,novel,【電子書籍化決定】「女に嫌われる女」について、もう少し考えた方がいい,0.0,ok,JP
2026-06-05,N0920MF,novel,【電子書籍化決定】「女に嫌われる女」について、もう少し考えた方がいい,0.0,ok,JP
2026-06-06,N0920MF,novel,【電子書籍化決定】「女に嫌われる女」について、もう少し考えた方がいい,0.0,ok,JP
2026-06-07,N0920MF,novel,【電子書籍化決定】「女に嫌われる女」について、もう少し考えた方がいい,0.0,ok,JP
2026-06-08,N0920MF,novel,【電子書籍化決定】「女に嫌われる女」について、もう少し考えた方がいい,0.0,ok,JP
2026-06-09,N0920MF,novel,【電子書籍化決定】「女に嫌われる女」について、もう少し考えた方がいい,0.0,ok,JP
2026-06-10,N0920MF,novel,【電子書籍化決定】「女に嫌われる女」について、もう少し考えた方がいい,0.0,ok,JP
2026-06-11,N0920MF,novel,【電子書籍化決定】「女に嫌われる女」について、もう少し考えた方がいい,0.0,ok,JP
2026-06-12,N0920MF,novel,【電子書籍化決定】「女に嫌われる女」について、もう少し考えた方がいい,0.0,ok,JP
2026-06-13,N0920MF,novel,【電子書籍化決定】「女に嫌われる女」について、もう少し考えた方がいい,0.0,ok,JP
2026-06-14,N0920MF,novel,【電子書籍化決定】「女に嫌われる女」について、もう少し考えた方がいい,0.0,ok,JP
2026-06-15,N0920MF,novel,【電子書籍化決定】「女に嫌われる女」について、もう少し考えた方がいい,0.0,ok,JP
2026-06-16,N0920MF,novel,【電子書籍化決定】「女に嫌われる女」について、もう少し考えた方がいい,0.0,ok,JP
2026-06-17,N0920MF,novel,【電子書籍化決定】「女に嫌われる女」について、もう少し考えた方がいい,0.0,ok,JP
2026-06-18,N0920MF,novel,【電子書籍化決定】「女に嫌われる女」について、もう少し考えた方がいい,0.0,ok,JP
2026-06-19,N0920MF,novel,【電子書籍化決定】「女に嫌われる女」について、もう少し考えた方がいい,0.0,ok,JP
2026-06-20,N0920MF,novel,【電子書籍化決定】「女に嫌われる女」について、もう少し考えた方がいい,0.0,ok,JP
2026-06-15,N0412MF,novel,婚約破棄の現場に居合わせたモブ令嬢ですが、その証言ひとつで王子の人生が終わりました,,skip,JP
2026-06-15,N8528MF,novel,離縁されましたが、義理の息子が「いかないで」と泣くので困っています,,skip,JP
2026-06-15,N7272MD,novel,あなたがワインを浴びせた相手は、&quot;子爵令嬢&quot;じゃありませんわ,,skip,JP
